ID,Type,TS,HD,Zeta,Charge,Shape,TM,CT,TSz,TW,Dose,BW,DE24,DE168,Demax,KTRESrelease,KTRESmax,KTRES50,KTRESn,QTC,VTC,BVT,PT,PATC
1,Inorganic,Active,NA,18,0,Rod,Xenograft Heterotopic,cervix,0.1,0.12,20,20,1.69,2.06,2.36,0.001,0.055,0.5,0.5,0.01,0.006,0.02,0.265,0.01
2,Inorganic,Passive,NA,0,2,Rod,Allograft Heterotopic,colon,NA,0.1423,12.05,20,0.99,0.79,2.39,0.055,0.4,12,5,0.01,0.0071,0.02,0.1,0.1
3,Inorganic,Active,42,5,0,Spherical,Xenograft Heterotopic,brain,NA,0.9167,1,20,3.27,2.83,4.18,0.007,0.045,2,5,0.01,0.0458,0.02,0.07,0.07
4,Inorganic,Passive,38.3,5,0,Spherical,Xenograft Heterotopic,brain,NA,0.9167,1,20,6.64,2.99,7.44,1.00E-04,0.006,2,5,0.01,0.0458,0.02,0.2,0.1
5,Inorganic,Active,68.4,9.3,0,Other,Xenograft Heterotopic,breast,0.175,0.21,4.8,20,0.42,1.67,1.77,0.001,24,108,5,0.01,0.011,0.02,0.055,0.005
6,Inorganic,Passive,166,6,0,Spherical,Xenograft Orthotopic,skin,1.1,1.32,27.06,21,5.63,4.25,6.41,0.001,0.2,72,3,0.01,0.063,0.02,0.132,0.017
7,Inorganic,Active,175.6,5,0,Spherical,Xenograft Orthotopic,skin,1.1,1.32,27.06,21,9.61,2.98,11.15,1.05,5,3,2,0.01,0.063,0.02,0.05,0.1
8,Inorganic,Passive,104.2,10,0,Spherical,Xenograft Orthotopic,skin,1.1,1.32,16.24,21,11.98,4.53,14.77,0.14,1.3,0.6,1.5,0.01,0.063,0.02,0.041,0.09
9,Inorganic,Passive,64.2,15,0,Spherical,Xenograft Orthotopic,skin,1.1,1.32,8.12,21,14.71,5.47,17.52,0.14,1.4,0.1,2,0.01,0.063,0.02,0.046,0.09
10,Inorganic,Passive,46.3,6.7,0,Spherical,Xenograft Orthotopic,skin,1.1,1.32,4.06,21,18.11,7.79,23.4,0.115,1.75,0.8,1.5,0.01,0.063,0.02,0.048,0.09
11,Inorganic,Active,49.5,0.64,0,Spherical,Xenograft Orthotopic,skin,1.1,1.32,4.06,21,22.86,11,29.88,0.105,2.5,6,0.25,0.01,0.063,0.02,0.076,0.09
12,Inorganic,Active,60,11,0,Spherical,Xenograft Orthotopic,skin,1.1,1.32,8.12,21,26.63,9.94,30.24,0.19,2.3,0.2,0.1,0.01,0.063,0.02,0.12,0.2
13,Inorganic,Active,100.4,9,0,Spherical,Xenograft Orthotopic,skin,1.1,1.32,16.24,21,26.87,8.77,29.78,1.2,5,0.8,1.5,0.01,0.063,0.02,0.048,0.09
14,Inorganic,Passive,6.07,NA,NA,Spherical,Xenograft Heterotopic,brain,0.075,0.09,1.32,20,1.13,0.37,1.34,0.3,0.85,5.5,1,0.01,0.0045,0.02,0.145,0.015
15,Inorganic,Passive,NA,NA,NA,Spherical,Xenograft Heterotopic,prostate,0.3,0.36,7.2,20,0.11,0.03,0.14,3,0.05,0.5,0.1,0.02,0.018,0.02,0.0085,0.0025
16,Inorganic,Passive,31,10.5,0,Spherical,Xenograft Heterotopic,cervix,0.1,0.12,5.905,17,0.7,0.32,0.86,0.047,0.18,0.05,0.1,0.01,0.007,0.02,0.07,0.01
17,Inorganic,Passive,17.1,9.8,0,Spherical,Xenograft Heterotopic,cervix,0.1,0.12,5.905,17,1.02,0.76,1.55,0.023,0.185,0.05,0.2,0.01,0.007,0.02,0.086,0.01
18,Inorganic,Passive,18.2,25.4,,Other,Xenograft Heterotopic,brain,0.175,0.21,2,20,0.4,0.15,0.43,0.05,0.12,72,0.1,0.01,0.0105,0.02,0.0355,0.03
19,Inorganic,Passive,20.8,24.6,2,Other,Xenograft Heterotopic,brain,0.175,0.21,2,20,0.54,0.22,0.61,0.041,0.2,72,0.1,0.01,0.0105,0.02,0.041,0.03
20,Inorganic,Passive,25.8,21.7,1,Other,Xenograft Heterotopic,brain,0.175,0.21,2,20,0.57,0.26,0.69,0.048,0.15,72,0.1,0.01,0.0105,0.02,0.045,0.03
21,Inorganic,Active,24.1,21.3,0,Other,Xenograft Heterotopic,brain,0.175,0.21,2,20,1.58,0.65,1.87,0.055,0.22,48,0.1,0.01,0.0105,0.02,0.115,0.03
22,Inorganic,Active,6.1,5,0,Spherical,Xenograft Heterotopic,stomach,0.175,0.21,4,20,10.68,9.1,12.46,0.0195,2.7,120,3.5,0.02,0.0105,0.02,1.55,0.095
23,Inorganic,Passive,77,0,2,Rod,Allograft Heterotopic,breast,0.1,0.12,0.25,17.5,0.16,0.06,0.21,0.38,0.6,20,3,0.01,0.0069,0.02,0.0252,0.03
24,Inorganic,Passive,130.5,0,2,Plate,Allograft Heterotopic,breast,0.1,0.12,1.62,17.5,0.48,0.15,0.56,0.248,1,1,3.5,0.01,0.0069,0.02,0.023,0.035
25,Inorganic,Passive,111.3,0,2,Other,Allograft Heterotopic,breast,0.1,0.12,1,17.5,0.68,0.25,0.9,0.264,3.6,4.5,1,0.01,0.0069,0.02,0.0169,0.01
26,Inorganic,Passive,69.8,0,2,Spherical,Allograft Heterotopic,breast,0.1,0.12,0.3,17.5,1.85,0.98,2.83,0.06,1.98,0.5,3.5,0.01,0.0069,0.02,0.023,0.03
27,Inorganic,Passive,5.5,0,2,Spherical,Xenograft Orthotopic,breast,0.18,0.216,63,23,1.54,0.41,1.74,0.65,0.1,0.1,5,0.01,0.0096,0.02,0.195,0.03
28,Inorganic,Active,31,NA,NA,Spherical,Xenograft Orthotopic,skin,0.3,0.72,8.175,35,1.53,2.25,2.52,9.00E-04,0.065,4.2,5,0.01,0.021,0.01,0.065,0.03
29,Inorganic,Passive,96,18.7,1,Other,Allograft Heterotopic,breast,NA,0.35,1.35E-09,25,0.48,0.14,0.52,0.95,1.25,8,1.4,0.01,0.14,0.02,0.028,0.01
30,Inorganic,Passive,63.7,10.2,1,Other,Allograft Heterotopic,breast,NA,0.35,6.42E-09,25,2.67,0.8,3.07,0.375,2.5,0.45,4,0.01,0.014,0.02,0.04,0.012
31,Inorganic,Passive,60.2,10.6,0,Spherical,Xenograft Heterotopic,prostate,0.27,0.324,11,20,0.03,0.04,0.07,0.01,0.25,6,3,0.01,0.0125,0.01,0.016,0.02
32,Inorganic,Passive,62.8,27.1,0,Spherical,Xenograft Heterotopic,prostate,0.27,0.324,11,20,0.6,0.17,0.71,1.65,6.3,3,3,0.01,0.0125,0.01,0.016,0.02
33,Inorganic,Active,71.7,2.9,0,Spherical,Xenograft Heterotopic,prostate,0.27,0.324,11,20,0.61,0.21,0.85,0.8,4.7,8,3,0.01,0.0125,0.01,0.0011,0.003
34,Inorganic,Passive,66.5,2.6,0,Spherical,Xenograft Heterotopic,prostate,0.27,0.324,11,20,0.67,0.21,0.79,0.21,0.86,1.5,5,0.01,0.0125,0.01,0.018,0.02
35,Inorganic,Passive,63,0,2,Spherical,Xenograft Heterotopic,other,NA,0.08,3.75,20,0.37,0.13,0.49,0.245,1.25,4,5,0.01,0.004,0.02,0.03,0.02
36,Inorganic,Active,NA,44.1,0,Rod,Xenograft Heterotopic,prostate,0.075,0.18,9.6,20,0.28,0.18,0.33,0.001,0.032,25,2.5,0.01,0.009,0.02,0.0415,0.03
37,Inorganic,Passive,NA,10,0,Rod,Xenograft Heterotopic,prostate,0.075,0.18,9.6,20,1.2,1.45,1.66,0.001,0.05,0.1,1,0.01,0.009,0.02,0.115,0.03
38,Inorganic,Passive,88.9,27.1,0,Spherical,Xenograft Orthotopic,ovary,NA,5,2.4,25,1.5,0.47,10.28,0.1,0.1,96,5,0.01,0.2,0.2,0.016,0.01
39,Inorganic,Passive,NA,1.1,1,Rod,Xenograft Orthotopic,ovary,NA,5,1.6,25,9.48,3.98,1.69,0.01,0.01,24,0.1,0.01,0.2,0.2,0.11,0.025
40,Inorganic,Passive,22.4,0,2,Spherical,Xenograft Orthotopic,skin,NA,1.2,4.51,20,0.02,0.01,0.03,1.05,1.3,3,4,0.02,0.06,0.02,0.000255,0.0005
41,Inorganic,Passive,61.3,0,2,Spherical,Xenograft Orthotopic,skin,NA,1.2,12.34,20,0.7,1.28,1.83,0.01,2.55,0.8,0.1,0.02,0.06,0.02,0.0011,0.0005
42,Inorganic,Passive,82.6,0,2,Spherical,Xenograft Orthotopic,skin,NA,1.2,16.62,20,0.92,0.28,1.07,1.15,1.5,3.5,2.5,0.02,0.06,0.02,0.01,0.001
43,Inorganic,Passive,99.4,0,2,Spherical,Xenograft Orthotopic,skin,NA,1.2,20,20,0.97,0.27,1.15,0.1,0.05,48,5,0.02,0.06,0.02,0.022,0.1
44,Inorganic,Passive,39.6,0,2,Spherical,Xenograft Orthotopic,skin,NA,1.2,7.97,20,1.86,0.5,2.18,3.5,6,1,5,0.02,0.06,0.02,0.0165,0.01
45,Inorganic,Passive,20.2,20.2,0,Rod,Allograft Heterotopic,breast,0.5,0.6,1,20,0.18,0.15,0.31,0.026,0.33,0.05,3,0.01,0.03,0.02,0.002,0.0005
46,Inorganic,Passive,44.3,14.1,0,Rod,Allograft Heterotopic,breast,0.5,0.6,1,20,0.31,0.17,0.47,0.055,0.5,0.05,5,0.01,0.03,0.02,0.003,0.0007
47,Inorganic,Passive,7.2,23.5,0,Spherical,Allograft Heterotopic,breast,0.5,0.6,1,20,0.47,0.24,0.61,0.038,0.115,0.05,5,0.01,0.03,0.02,0.0105,0.005
48,Inorganic,Passive,41.8,0.06,0,Rod,Allograft Heterotopic,breast,0.5,0.6,1,20,0.52,0.49,0.99,0.028,0.6,0.05,5,0.01,0.03,0.02,0.004,0.0007
49,Inorganic,Active,71.7,6.1,1,Spherical,Xenograft Heterotopic,brain,0.041,0.05,197,21,0.05,0.03,0.06,0.03,3,132,3.5,0.01,0.0024,0.01,0.027,0.001
50,Inorganic,Passive,NA,NA,0,Spherical,Allograft Orthotopic,skin,0.5,0.6,16,25,0.44,0.23,0.53,0.005,0.15,60,5,0.02,0.024,0.02,0.025,0.05
51,Inorganic,Passive,NA,NA,1,Spherical,Xenograft Heterotopic,prostate,0.5,0.6,16,25,0.96,0.53,1.14,0.004,0.155,60,5,0.02,0.024,0.02,0.055,0.0065
52,Inorganic,Passive,NA,NA,1,Spherical,Allograft Orthotopic,skin,0.5,0.6,16,25,1.69,0.83,2.01,0.0045,0.125,60,5,0.02,0.024,0.02,0.097,0.015
53,Inorganic,Passive,NA,2.5,1,Spherical,Allograft Orthotopic,skin,0.5,0.6,16,25,1.99,1.34,2.19,0.007,0.05,12,0.1,0.02,0.024,0.02,0.09,0.011
54,Inorganic,Passive,NA,NA,0,Spherical,Allograft Orthotopic,skin,0.5,0.6,16,25,2.05,1.38,2.26,0.007,0.05,12,0.1,0.02,0.024,0.02,0.09,0.011
55,Inorganic,Passive,NA,NA,1,Spherical,Allograft Orthotopic,skin,0.5,0.6,16,25,3.61,2.32,3.84,0.006,0.044,42,0.1,0.02,0.024,0.02,0.173,0.016
56,Inorganic,Passive,NA,16.8,0,Spherical,Allograft Orthotopic,skin,NA,5.09,3.36,25,0.64,0.58,0.71,0.03,1.2,108,3,0.02,0.2,0.3,0.0085,0.0035
57,Inorganic,Active,NA,16.6,0,Spherical,Allograft Orthotopic,skin,NA,5.09,3.36,25,0.99,0.45,1.15,0.45,1,72,5,0.02,0.2,0.3,0.0157,0.00063
58,Inorganic,Active,NA,25.6,0,Spherical,Allograft Orthotopic,skin,NA,5.09,3.36,25,1.24,0.56,1.37,0.2,0.9,72,5,0.02,0.2,0.3,0.017,0.0035
59,Inorganic,Passive,NA,42.3,0,Spherical,Allograft Orthotopic,skin,NA,5.09,3.36,25,1.25,0.63,1.44,0.33,1,72,4,0.02,0.2,0.3,0.0195,0.00085
60,Inorganic,Active,NA,22.1,0,Spherical,Allograft Orthotopic,skin,NA,5.09,3.36,25,1.26,0.76,1.46,0.185,1,72,5,0.02,0.2,0.3,0.02,0.0008
61,Inorganic,Active,NA,18.4,0,Spherical,Allograft Orthotopic,skin,NA,5.09,3.36,25,2.02,1.27,2.23,0.001,0.16,76,5,0.02,0.2,0.3,0.028,0.005
62,Inorganic,Active,51.6,3,1,Rod,Allograft Orthotopic,Skin,0.1,0.12,1.5,20,2.51,5.56,6.85,0.004,0.68,12,0.3,0.02,0.006,0.02,0.15,0.0017
63,Inorganic,Passive,NA,25.9,0,Spherical,Allograft Heterotopic,Breast,0.45,0.54,10,23,1.2,0.41,1.29,0.225,0.4,72,1,0.02,0.023,0.02,0.065,0.00123
64,Inorganic,Passive,NA,11,0,Rod,Xenograft Heterotopic,Prostate,0.18,0.216,8,28,3.11,1.86,3.92,0.023,0.075,0.5,0.5,0.02,0.0078,0.02,0.35,0.03
65,Inorganic,Passive,NA,9.2,0,Other,Xenograft Heterotopic,Prostate,0.18,0.216,4.1,28,4.37,1.96,5.76,0.095,0.157,0.1,1,0.02,0.0078,0.02,0.51,0.00197
66,Inorganic,Passive,NA,NA,NA,Spherical,Allograft Orthotopic,Skin,0.4,0.48,1.73,19,3.5,7.84,9,0.001,0.43,24,0.3,0.02,0.0253,0.03,0.065,0.015
67,Inorganic,Active,24.4,28.6,0,Spherical,Xenograft Orthotopic,Skin,0.221,0.2652,10,20,0.99,0.85,1.17,0.024,0.56,98,2.2,0.02,0.013,0.02,0.12,0.00043
68,Inorganic,Active,NA,NA,NA,Spherical,Xenograft Heterotopic,Breast,0.065,0.08,23,23,0.61,0.62,1.02,0.0155,0.34,72,1.1,0.02,0.0036,0.02,0.18,0.008
69,Inorganic,Active,139.1,11.6,0,Spherical,Xenograft Heterotopic,Prostate,0.075,0.18,11.36,22,0.31,0.3,0.52,0.0165,0.28,72,0.5,0.02,0.008,0.02,0.0325,0.0005
70,Inorganic,Passive,68,NA,NA,Spherical,Xenograft Heterotopic,Brain,0.18,0.216,10,26,0.56,0.43,0.6,0.001,0.043,48,0.2,0.02,0.0083,0.02,0.077,0.0022
71,Inorganic,Active,68,NA,NA,Spherical,Xenograft Heterotopic,Brain,0.18,0.216,10,26,1.2,0.84,1.28,0.003,0.043,48,0.2,0.02,0.0083,0.02,0.167,0.0045
72,Inorganic,Passive,50.8,NA,NA,Spherical,Allograft Heterotopic,Breast,0.5,0.6,5,24,1.1,0.34,1.3,0.1,0.1,42,5,0.02,0.025,0.02,0.06,0.01
73,Hybrid,Active,NA,NA,NA,Spherical,Xenograft Heterotopic,Breast,0.24,0.576,84.615,26,2.62,4.28,7.2,0.0155,0.34,10,2,0.02,0.022,0.02,0.076,0.0055
74,Inorganic,Active,40.3,3.3,0,Spherical,Xenograft Heterotopic,Stomach,NA,2,21.36,22,4.84,4.56,5.46,0.002,0.143,96,1.1,0.02,0.091,0.02,0.071,0.0072
75,Inorganic,Active,39.4,4.5,0,Spherical,Xenograft Heterotopic,Stomach,NA,2,21.36,22,4.88,4.79,5.74,0.002,0.11,66,1.05,0.02,0.091,0.02,0.071,0.006
76,Inorganic,Active,28.1,0.6,0,Spherical,Xenograft Heterotopic,Stomach,NA,2,21.36,22,8.1,5.56,9.19,0.063,2,84,4.5,0.02,0.091,0.02,0.135,0.0115
77,Inorganic,Active,22.3,4.6,0,Spherical,Xenograft Heterotopic,Stomach,NA,2,21.36,22,9.13,8.65,10.69,1.00E-04,0.042,12,0.5,0.02,0.091,0.02,0.133,0.0085
78,Inorganic,Passive,219.4,3.6,0,Spherical,Xenograft Heterotopic,Brain,0.175,0.21,9.5,28,0.72,0.19,0.84,5,0.5,12,0.1,0.02,0.0075,0.02,0.125,0.0035
79,Inorganic,Active,226.2,3.5,0,Spherical,Xenograft Heterotopic,Brain,0.175,0.21,9.5,28,1.26,0.33,1.49,3,0.15,24,0.1,0.02,0.0075,0.02,0.225,0.02
80,Inorganic,Passive,59,7.4,0,Spherical,Allograft Heterotopic,Breast,0.06,0.08,10,20,0.32,0.14,0.37,0.07,0.8,96,2.5,0.02,0.004,0.02,0.108,0.002
81,Inorganic,Passive,125.2,10.9,0,Spherical,Xenograft Heterotopic,Brain,0.06,0.08,9.5,28,0.18,0.05,0.21,2.1,0.45,24,0.1,0.02,0.0029,0.02,0.078,0.00078
82,Inorganic,Active,129,10.2,0,Spherical,Xenograft Heterotopic,Brain,0.06,0.08,9.5,28,0.53,0.14,0.61,2.1,0.45,24,0.1,0.02,0.0029,0.02,0.225,0.0037
83,Inorganic,Passive,194.4,5.1,0,Spherical,Allograft Heterotopic,Breast,0.175,0.21,9.5,28,0.63,0.18,0.69,2,0.8,24,1.5,0.02,0.0075,0.02,0.106,0.0035
84,Inorganic,Active,194.4,5.1,0,Spherical,Allograft Heterotopic,Breast,0.175,0.21,9.5,28,1.63,0.44,1.86,1.8,0.8,6,0.1,0.02,0.0075,0.02,0.245,0.03
85,Inorganic,Passive,175.3,3.25,0,Spherical,Allograft Heterotopic,Breast,0.175,0.21,9.5,28,0.44,0.19,0.52,0.025,0.11,42,5,0.02,0.0105,0.02,0.057,0.0023
86,Inorganic,Active,175.3,3.25,0,Spherical,Allograft Heterotopic,Breast,0.175,0.21,9.5,28,0.95,0.45,1.14,0.04,0.15,48,3,0.02,0.0105,0.02,0.125,0.012
87,Inorganic,Passive,6.8,0,2,Spherical,Xenograft Orthotopic,Skin,0.2,0.24,0.5,27,0.15,0.06,0.17,0.01,0.125,72,5,0.02,0.009,0.02,0.023,0.0004
88,Inorganic,Active,7,3,0,Spherical,Xenograft Orthotopic,Skin,0.2,0.24,0.5,27,0.29,0.17,0.32,0.0125,0.14,72,1.95,0.02,0.009,0.02,0.044,0.0004
89,Inorganic,Passive,150.2,2.3,0,Spherical,Allograft Heterotopic,Breast,0.175,0.21,9.5,20,0.53,0.34,0.62,0.012,0.11,42,3.5,0.02,0.0105,0.02,0.069,0.003
90,Inorganic,Active,168,2.7,0,Spherical,Allograft Heterotopic,Breast,0.175,0.21,9.5,20,1.04,0.45,1.24,0.03,0.105,42,5,0.02,0.0105,0.02,0.137,0.007
91,Inorganic,Active,53.2,12.4,0,Spherical,Xenograft Heterotopic,Cervix,1.1,1.32,16,31,5.96,1.74,6.67,1,0.6,8,0.1,0.02,0.00225,0.02,0.082,0.00043
92,Inorganic,Active,32,NA,NA,Spherical,Xenograft Heterotopic,Brain,1.77,2.124,90.91,22.5,4.23,1.16,4.87,5,0.5,24,0.1,0.02,0.0965,0.02,0.06,0.009
93,Inorganic,Passive,190.1,21.9,0,Other,Xenograft Heterotopic,Pancreas,0.1,0.12,20,18,0.38,0.19,0.44,0.025,0.052,4,0.5,0.02,0.0067,0.02,0.065,0.0004
94,Inorganic,Passive,80,0.5,0,Spherical,Allograft Heterotopic,Colon,0.1,0.12,11,20,0.39,0.13,0.46,1.1,0.55,6,2,0.02,0.006,0.02,0.08,0.00016
95,Inorganic,Active,100,3,1,Spherical,Xenograft Heterotopic,Lung,0.065,0.08,0.5,18,16.93,4.77,19.7,14,8,0.01,5,0.055,0.0044,0.5,8,0.8
96,Hybrid,Passive,150,19,0,Other,Allograft Heterotopic,Breast,0.2,0.24,1.2,20,1.74,0.48,1.98,1.8,0.6,2,5,0.02,0.012,0.02,0.16,0.0028
97,Inorganic,Active,NA,14.6,0,Rod,Xenograft Heterotopic,cervix,0.15,0.18,5,21,0.23,0.06,0.28,10,0.5,0.25,5,0.02,0.0086,0.02,0.035,0.005
98,Inorganic,Passive,NA,12.7,0,Spherical,Allograft Orthotopic,Other,0.08,0.096,5,19,0.56,0.15,0.65,1,0.05,24,0.1,0.02,0.0051,0.02,0.155,0.00071
99,Inorganic,Passive,NA,9.8,0,Spherical,Allograft Orthotopic,Other,0.08,0.096,5,19,0.76,0.22,0.87,2,0.05,0.5,1,0.02,0.0051,0.02,0.22,0.00055
100,Inorganic,Passive,438.3,14.4,0,Spherical,Xenograft Heterotopic,Cervix,0.4,0.48,25,19,1.99,0.81,2.44,6,4,48,5,0.02,0.0253,0.02,0.148,0.00058
101,Inorganic,Passive,80,0.5,0,Spherical,Allograft Heterotopic,Colon,0.1,0.12,27.33,18,0.76,1.84,2.44,0.04,1.9,120,2.45,0.02,0.0067,0.02,0.14,0.000128
102,Inorganic,Passive,255.3,27.6,0,Spherical,Allograft Orthotopic,Breast,0.03,0.036,10,16,0.2,0.18,0.26,0.0062,0.098,48,0.1,0.02,0.00225,0.02,0.082,0.00043
103,Hybrid,Passive,210,27,1,Spherical,Xenograft Heterotopic,Liver,0.5,0.6,8,17,0.9,0.24,1.08,8,1,0.25,5,0.02,0.0353,0.02,0.0315,0.007
104,Hybrid,Passive,243,11.7,0,Spherical,Allograft Orthotopic,Skin,0.05,0.06,750,20,3.81,4.96,9.42,0.0195,0.31,8,3,0.02,0.003,0.02,0.76,0.05
105,Inorganic,Passive,107.7,14,0,Spherical,Allograft Orthotopic,Breast,0.3,0.36,5,20,2.08,0.56,2.38,3,0.6,6,0.2,0.02,0.018,0.02,0.15,0.004
106,Hybrid,Passive,210,24.1,1,Rod,Allograft Orthotopic,Breast,0.7,0.84,5,20,5.59,6.65,8.26,0.005,0.1,24,1.5,0.02,0.042,0.02,0.175,0.005
107,Hybrid,Active,210,24.1,1,Rod,Allograft Orthotopic,Breast,0.7,0.84,5,20,11.46,11.91,22.71,0.03,0.85,48,0.6,0.02,0.042,0.02,0.152,0.016
108,Hybrid,Passive,49.2,0,2,Spherical,Allograft Heterotopic,Colon,0.1,0.12,0.68,23,0.35,0.23,0.4,0.045,2.2,96,4,0.02,0.0052,0.02,0.093,0.00065
109,Inorganic,Active,205,25.5,0,Spherical,Xenograft Heterotopic,Breast,0.1,0.12,35,20,0.1,0.03,0.12,0.035,0.05,48,5,0.02,0.006,0.02,0.0225,0.02
110,Inorganic,Passive,NA,NA,NA,Spherical,Allograft Heterotopic,Colon,0.125,0.15,12,20,0.33,0.1,0.36,0.21,0.09,48,0.1,0.02,0.0075,0.02,0.056,0.00027
111,Inorganic,Active,210,31.6,0,Spherical,Xenograft Heterotopic,Cervix,0.1,0.12,10,20,2.66,1.07,3.22,0.082,0.19,1,0.1,0.02,0.006,0.02,0.41,0.0018
112,Inorganic,Passive,222.6,17.9,0,Spherical,Allograft Orthotopic,Other,0.1,0.12,5,17,5.32,2.5,8.27,0.2,1.13,6,2.5,0.02,0.0069,0.02,0.35,0.0036
113,Organic,Passive,36.7,8.5,0,Spherical,Allograft Heterotopic,Lung,NA,0.2,5,17,1.11,0.61,1.56,0.04,0.175,1,0.7,0.02,0.012,0.02,0.058,0.017
114,Organic,Active,37,NA,NA,Spherical,Allograft Heterotopic,Breast,0.18,0.216,0.304,20,1.02,0.36,1.2,0.06,0.1,42,5,0.02,0.0108,0.02,0.131,0.0044
115,Organic,Passive,37,NA,NA,Spherical,Allograft Heterotopic,Breast,0.18,0.216,0.304,20,0.54,0.35,0.64,0.012,0.12,42,4.5,0.02,0.0108,0.02,0.0685,0.0032
116,Organic,Passive,72,0.5,0,Spherical,Xenograft Orthotopic,Skin,0.1,0.12,14.22,22.5,0.96,0.63,1.19,0.029,0.15,36,2.5,0.02,0.0053,0.02,0.248,0.0011
117,Organic,Passive,72,0.5,0,Spherical,Xenograft Orthotopic,Skin,0.1,0.12,14.22,22.5,0.73,1.41,1.84,0.005,0.165,12,2.5,0.02,0.0053,0.02,0.124,0.0059
118,Organic,Passive,22.26,1.48,0,Spherical,Xenograft Heterotopic,Breast,0.27,0.324,5,20,0.54,0.14,0.65,2,0.1,48,5,0.02,0.0162,0.02,0.052,0.01
119,Organic,Passive,22.26,1.48,0,Spherical,Xenograft Heterotopic,Breast,0.27,0.324,5,20,0.54,0.14,0.65,5,2,84,5,0.02,0.0162,0.02,0.04,0.003
120,Organic,Passive,89,7,0,Irregular,Xenograft Orthotopic,Skin,0.03,0.036,5,22,0.02,0.006,0.03,0.2,0.4,72,5,0.02,0.0016,0.02,0.018,0.0004
121,Organic,Active,88,24.16,0,Irregular,Xenograft Orthotopic,Skin,0.03,0.036,5,22,0.05,0.02,0.06,0.2,0.2,48,2,0.02,0.0016,0.02,0.0435,0.00058
122,Organic,Passive,227,3.2,0,Rod,Xenograft Heterotopic,Ovary,0.15,0.18,10,16,0.41,0.29,0.49,0.005,0.238,84,2.25,0.02,0.0113,0.02,0.049,0.0105
123,Organic,Passive,263,3.4,0,Irregular,Xenograft Heterotopic,Ovary,0.15,0.18,10,16,0.4,0.22,0.48,0.0065,0.25,96,2.5,0.02,0.0113,0.02,0.048,0.0075
124,Organic,Passive,216,3.11,0,Rod,Xenograft Heterotopic,Lung,0.15,0.18,10,20,0.72,0.2,0.91,0.015,0.06,96,4,0.01,0.009,0.1,0.12,0.3
125,Organic,Passive,216,3.36,0,Rod,Xenograft Heterotopic,Lung,0.15,0.18,10,20,0.72,0.21,0.91,0.011,0.07,120,3,0.01,0.009,0.1,0.12,0.3
126,Organic,Active,274.1,12.13,0,Spherical,Xenograft Heterotopic,Breast,0.18,0.216,1.25,20,1.64,2.15,3.23,0.01,0.25,0.5,0.35,0.02,0.0108,0.02,0.07,0.023
127,Organic,Passive,216.6,14.34,0,Spherical,Xenograft Heterotopic,Breast,0.18,0.216,1.25,20,0.4,0.1,0.48,3,0.1,12,0.1,0.02,0.0108,0.02,0.05,0.0145
128,Organic,Passive,30,2.29,0,Spherical,Allograft Heterotopic,Colon,0.1,0.12,5,20,0.78,1.39,1.71,0.005,0.26,36,0.5,0.02,0.006,0.02,0.12,0.00035
129,Organic,Passive,54,1.61,0,Spherical,Allograft Heterotopic,Colon,0.1,0.12,5,20,0.81,0.43,1.11,0.06,0.25,48,0.4,0.02,0.006,0.02,0.136,0.00042
130,Organic,Passive,69,0.89,0,Spherical,Allograft Heterotopic,Colon,0.1,0.12,5,20,0.91,0.4,1.17,0.08,0.25,9,0.4,0.02,0.006,0.02,0.126,0.00078
131,Organic,Passive,110,0.15,1,Spherical,Allograft Heterotopic,Colon,0.1,0.12,5,20,0.7,0.33,0.99,0.085,0.22,3.5,1.5,0.02,0.006,0.02,0.09,0.00045
132,Organic,Passive,30,2.29,0,Spherical,Xenograft Heterotopic,Pancreas,0.1,0.12,5,20,0.91,0.51,1.35,0.08,0.255,12,0.6,0.02,0.006,0.02,0.155,0.00035
133,Organic,Passive,54,1.61,0,Spherical,Xenograft Heterotopic,Pancreas,0.1,0.12,5,20,0.6,0.31,0.85,0.06,0.265,12,0.5,0.02,0.006,0.02,0.08,0.00052
134,Organic,Passive,69,0.89,0,Spherical,Xenograft Heterotopic,Pancreas,0.1,0.12,5,20,0.39,0.17,0.5,0.07,0.265,12,0.4,0.02,0.006,0.02,0.05,0.00055
135,Organic,Passive,110,0.15,1,Spherical,Xenograft Heterotopic,Pancreas,0.1,0.12,5,20,0.37,0.16,0.47,0.065,0.23,6,0.05,0.02,0.006,0.02,0.05,0.00032
136,Organic,Active,70.9,4,1,Spherical,Allograft Heterotopic,Breast,0.05,0.06,5,20,0.6,0.77,0.92,0.005,0.4,48,8,0.02,0.003,0.02,0.285,0.001
137,Organic,Active,86.6,2,1,Spherical,Allograft Heterotopic,Breast,0.05,0.06,5,20,0.5,0.64,0.77,0.005,0.4,48,8,0.02,0.003,0.02,0.238,0.00078
138,Organic,Passive,64,3,1,Spherical,Allograft Heterotopic,Breast,0.05,0.06,5,20,0.36,0.14,0.41,0.065,0.2,6,0.05,0.02,0.003,0.02,0.0925,0.005
139,Organic,Passive,88.9,0.96,0,Spherical,Allograft Heterotopic,Colon,0.1,0.12,1.3,22,0.31,0.14,0.36,0.05,0.135,24,0.85,0.02,0.0055,0.02,0.059,0.0055
140,Organic,Passive,87.1,0.47,0,Spherical,Allograft Heterotopic,Colon,0.1,0.12,1.3,22,0.19,0.08,0.22,0.05,0.11,24,0.9,0.02,0.0055,0.02,0.039,0.0058
141,Organic,Passive,64.21,0.39,0,Spherical,Xenograft Heterotopic,Cervix,0.1,0.12,10,20,0.63,0.7,0.88,0.01,0.4,48,8,0.02,0.006,0.02,0.151,0.0009
142,Organic,Active,68.35,1.07,0,Spherical,Xenograft Heterotopic,Cervix,0.1,0.12,10,20,0.58,0.74,0.89,0.005,0.4,48,8,0.02,0.006,0.02,0.138,0.00095
143,Organic,Active,69.22,1.98,0,Spherical,Xenograft Heterotopic,Cervix,0.1,0.12,10,20,0.7,0.89,1.07,0.005,0.4,48,8,0.02,0.006,0.02,0.165,0.00125
144,Organic,Active,72.51,2.3,0,Spherical,Xenograft Heterotopic,Cervix,0.1,0.12,10,20,0.66,0.85,1.02,0.005,0.4,48,8,0.02,0.006,0.02,0.157,0.00115
145,Organic,Active,77.47,6.95,0,Spherical,Xenograft Heterotopic,Cervix,0.1,0.12,10,20,0.76,0.96,1.15,0.005,0.4,48,8,0.02,0.006,0.02,0.18,0.00115
146,Organic,Active,91.29,9.25,0,Spherical,Xenograft Heterotopic,Cervix,0.1,0.12,10,20,0.74,0.95,1.15,0.005,0.4,48,8,0.02,0.006,0.02,0.175,0.00155
147,Organic,Passive,40,2,0,Spherical,Allograft Heterotopic,Colon,NA,0.2,5,20,1.08,0.85,2.02,0.07,0.24,15,2.5,0.02,0.01,0.02,0.135,0.00042
148,Organic,Active,22.5,0,2,Spherical,Allograft Orthotopic,Breast,0.625,0.75,13.2,19,3.87,3.99,5.82,0.0089,0.091,6,0.8,0.02,0.0395,0.02,0.095,0.007
149,Organic,Passive,65,2,0,Spherical,Allograft Heterotopic,Colon,0.1,0.12,10,20,1.07,0.55,1.35,0.035,0.19,120,0.1,0.02,0.006,0.02,0.143,0.00255
150,Organic,Passive,221.6,NA,NA,Spherical,Allograft Heterotopic,Other,0.35,0.4,20,30,2.16,1.58,2.45,0.01,0.5,72,5,0.02,0.0133,0.02,0.245,0.0016
151,Organic,Active,20,NA,NA,Spherical,Xenograft Heterotopic,Cervix,NA,0.055,4,23,0.23,0.06,0.25,0.8,1.5,0.05,0.3,0.02,0.0024,0.02,0.053,0.01
152,Organic,Passive,20,NA,NA,Spherical,Xenograft Heterotopic,Cervix,NA,0.055,4,23,0.31,0.09,0.34,0.37,0.91,0.05,0.6,0.02,0.0024,0.02,0.057,0.0021
153,Organic,Passive,133.5,15.8,0,Spherical,Allograft Heterotopic,Breast,1,1.2,11.1,28,0.8,0.22,0.91,1,1,0.05,5,0.02,0.037,0.02,0.015,0.005
154,Organic,Passive,149.2,13.2,0,Spherical,Allograft Heterotopic,Liver,0.1,0.12,100,20,10.67,2.92,12.47,7,25,0.05,3,0.02,0.006,0.02,0.6,0.15
155,Organic,Passive,157.3,23.2,0,Spherical,Allograft Heterotopic,Liver,0.1,0.12,100,20,9.01,2.45,10.56,7.6,25,0.05,3,0.02,0.006,0.02,0.53,0.11
156,Organic,Passive,156,38.4,0,Spherical,Allograft Heterotopic,Liver,0.1,0.12,100,20,8.4,2.28,9.9,7.8,25,0.05,3,0.02,0.006,0.02,0.5,0.15
157,Organic,Passive,456.5,25.1,0,Spherical,Allograft Heterotopic,Liver,0.1,0.12,100,20,4.13,1.21,4.74,0.005,0.1,120,5,0.02,0.006,0.02,1.02,0.006
158,Organic,Passive,150.1,14.8,1,Spherical,Allograft Heterotopic,Liver,0.1,0.12,15,20,2.43,0.65,2.85,3,12,0.05,2,0.02,0.006,0.02,0.115,0.025
159,Organic,Passive,150.6,25.5,1,Spherical,Allograft Heterotopic,Liver,0.1,0.12,15,20,3.54,0.94,4.16,4.6,17,0.05,2,0.02,0.006,0.02,0.18,0.035
160,Organic,Passive,152.7,34.6,1,Spherical,Allograft Heterotopic,Liver,0.1,0.12,15,20,4.36,1.17,5.09,3.85,16.5,0.05,2,0.02,0.006,0.02,0.2,0.025
161,Organic,Passive,300.7,24.4,1,Spherical,Allograft Heterotopic,Liver,0.1,0.12,15,20,2.38,0.64,2.78,6.5,18,0.05,2,0.02,0.006,0.02,0.15,0.008
162,Organic,Passive,40,4,0,Spherical,Allograft Heterotopic,Colon,0.1,0.12,5,19,0.98,0.75,1.81,0.075,0.24,15,2.5,0.02,0.01,0.02,0.125,0.00036
163,Organic,Passive,399,38.1,1,Spherical,Allograft Heterotopic,Breast,1.8,2.16,0.0545,27,0.58,0.16,0.67,2.5,0.7,3,0.05,0.02,0.0785,0.02,0.009,0.00115
164,Organic,Passive,276,16.4,1,Spherical,Allograft Heterotopic,Breast,1.8,2.16,0.3636,27,3.2,0.89,3.64,2.5,0.65,3,0.05,0.02,0.0785,0.02,0.052,0.0043
165,Organic,Active,37,2,0,Flake,Allograft Heterotopic,Breast,0.175,0.21,5,20,1.05,0.44,1.24,0.05,0.5,66,4.5,0.02,0.0105,0.02,0.069,0.009
166,Organic,Passive,26.2,16.4,0,Flake,Allograft Heterotopic,Breast,0.175,0.21,5,20,0.53,0.23,0.64,0.09,0.55,60,4,0.02,0.0105,0.02,0.138,0.0053
167,Organic,Passive,21.9,9.46,0,Flake,Allograft Heterotopic,Breast,0.175,0.21,5,20,0.42,0.45,0.52,0.001,0.059,20,2.2,0.02,0.0105,0.02,0.05,0.003
168,Organic,Active,27,0.08,0,Flake,Allograft Heterotopic,Breast,0.175,0.21,5,20,0.98,0.41,1.18,0.075,0.55,66,3.8,0.02,0.0105,0.02,0.128,0.016
169,Organic,Passive,90,30,0,Flake,Allograft Orthotopic,Skin,0.2,0.24,50,19,6.93,1.88,8.07,3.7,9.5,0.05,2,0.02,0.0126,0.02,0.23,0.045
170,Organic,Passive,27.7,9.46,0,Flake,Xenograft Heterotopic,Brain,0.06,0.072,5,20,0.24,0.15,0.3,0.015,0.45,66,5,0.02,0.0036,0.02,0.093,0.005
171,Organic,Active,32.9,5,0,Flake,Xenograft Heterotopic,Brain,0.06,0.072,5,20,0.47,0.17,0.56,0.035,0.29,72,5,0.02,0.0036,0.02,0.18,0.0023
172,Organic,Active,27,0.08,0,Flake,Allograft Heterotopic,Breast,0.175,0.21,5,20,0.99,0.28,1.06,0.46,0.37,6,0.3,0.02,0.0105,0.02,0.095,0.0044
173,Organic,Passive,21.9,9.46,0,Flake,Allograft Heterotopic,Breast,0.175,0.21,5,20,0.64,0.43,0.75,0.005,0.055,32,3.5,0.02,0.0105,0.02,0.083,0.0029
174,Organic,Passive,200,NA,NA,Rod,Xenograft Heterotopic,Brain,0.25,0.3,0.04,25,0.77,0.25,0.85,0.46,1.1,24,0.6,0.02,0.012,0.02,0.051,0.0013
175,Organic,Active,200,NA,NA,Rod,Xenograft Heterotopic,Brain,0.25,0.3,0.04,25,1.26,0.43,1.44,0.23,0.39,12,0.7,0.02,0.012,0.02,0.095,0.0016
176,Organic,Passive,200,NA,NA,Rod,Xenograft Heterotopic,Brain,0.25,0.3,0.04,25,1.14,0.38,1.29,0.24,0.47,20,0.5,0.02,0.012,0.02,0.085,0.00127
177,Organic,Active,200,NA,NA,Rod,Xenograft Heterotopic,Brain,0.25,0.3,0.04,25,3.59,1.18,3.97,0.24,0.49,24,0.4,0.02,0.012,0.02,0.264,0.0053
178,Organic,Passive,96.4,59.4,0,Spherical,Xenograft Orthotopic,Cervix,0.5,0.6,1220,21,1.26,1.77,2.2,0.004,0.205,48,0.1,0.01,0.0286,0.02,0.029,0.018
179,Organic,Passive,79.1,36.1,0,Spherical,Allograft Orthotopic,Breast,0.08,0.096,6,23,0.13,0.14,0.17,0.001,0.035,0.1,2,0.02,0.0042,0.02,0.031,0.00056
180,Organic,Passive,79.1,36.1,0,Spherical,Other,Breast,0.07,0.084,6,23,0.39,0.38,0.47,5.00E-04,0.055,6,0.05,0.02,0.0037,0.02,0.115,0.00045
181,Organic,Active,386,20,1,Spherical,Allograft Heterotopic,Breast,0.6,0.72,13.09,27,1.68,0.54,1.73,0.09,0.1,72,0.5,0.02,0.0262,0.02,0.078,0.0035
182,Organic,Passive,120,0,2,Spherical,Allograft Orthotopic,Breast,NA,0.17,50,20,0.84,0.5,1.14,0.08,0.2,72,2,0.02,0.0085,0.02,0.205,0.0002
183,Organic,Passive,25,3,0,Spherical,Xenograft Heterotopic,Kidney,0.065,0.078,740.74,27,0.1,0.03,0.12,0.55,0.3,30,5,0.02,0.0029,0.02,0.045,0.01
184,Organic,Passive,51,4,0,Spherical,Xenograft Heterotopic,Kidney,0.065,0.078,740.74,27,0.06,0.02,0.06,0.14,0.185,18,0.7,0.02,0.0029,0.02,0.0205,0.004
185,Organic,Passive,93,6,0,Spherical,Xenograft Heterotopic,Kidney,0.065,0.078,740.74,27,0.07,0.03,0.1,0.12,0.28,8,1.5,0.02,0.0029,0.02,0.0195,0.004
186,Organic,Active,225,NA,NA,Spherical,Allograft Heterotopic,Colon,0.27,0.324,11.11,23,0.75,0.99,1.1,0.005,0.62,96,2.2,0.02,0.0144,0.02,0.076,0.0005
187,Organic,Passive,168,NA,NA,Spherical,Allograft Heterotopic,Colon,0.27,0.324,11.11,23,0.58,0.41,0.65,0.005,0.19,96,1.8,0.02,0.0144,0.02,0.056,0.00074
188,Organic,Passive,118,0,2,Spherical,Allograft Heterotopic,Colon,0.06,0.072,15,19.5,0.53,0.15,0.61,0.2,0.1,72,5,0.02,0.0037,0.02,0.215,0.0004
189,Organic,Passive,200,2,0,Spherical,Xenograft Heterotopic,Other,0.4,0.48,145.45,27,0.82,0.23,0.96,0.005,0.01,72,5,0.02,0.0175,0.02,0.065,0.003
190,Organic,Passive,100,0,2,Spherical,Xenograft Orthotopic,Skin,1.25,1.25,1,21,1.4,0.55,1.59,0.015,0.4,96,5,0.05,0.0595,0.02,0.034,0.0005
191,Organic,Active,200.8,14,0,Spherical,Allograft Heterotopic,Breast,0.125,0.15,10,19,0.03,0.09,0.11,0.005,1,6,5,0.015,0.0079,0.02,0.3,0.000005
192,Organic,Active,217.4,13.5,0,Spherical,Allograft Heterotopic,Breast,0.125,0.15,10,19,0.03,0.09,0.11,0.005,1,6,5,0.015,0.0079,0.02,0.3,0.0000049
193,Organic,Active,225.8,13.1,0,Spherical,Allograft Heterotopic,Breast,0.125,0.15,10,19,0.07,0.19,0.22,0.005,3,24,5,0.015,0.0079,0.02,5,0.0000103
194,Organic,Active,241.7,10.8,0,Spherical,Allograft Heterotopic,Breast,0.125,0.15,10,19,0.05,0.14,0.16,0.005,3,24,5,0.015,0.0079,0.02,0.1,0.0000078
195,Organic,Active,50,45,0,Spherical,Allograft Heterotopic,Liver,0.05,0.06,4.5,23,0.18,0.1,0.21,0.001,0.07,48,5,0.02,0.0027,0.02,0.092,0.00084
196,Organic,Passive,87.5,30,0,Spherical,Allograft Heterotopic,Liver,0.05,0.06,4,23,0.44,0.19,0.56,0.072,0.13,4,1.3,0.02,0.0027,0.02,0.145,0.00067
197,Organic,Passive,146,9,1,Spherical,Allograft Heterotopic,Liver,0.07,0.084,4,23,0.22,0.19,0.25,0.005,0.105,42,4,0.02,0.0037,0.02,0.09,0.000125
198,Organic,Active,138.5,9,1,Spherical,Allograft Heterotopic,Liver,0.07,0.084,4,23,0.26,0.11,0.3,0.04,0.09,42,5,0.02,0.0037,0.02,0.105,0.00022
199,Organic,Active,200,14.6,0,Spherical,Xenograft Heterotopic,Lung,0.2,0.24,1.5,20,0.23,0.69,0.87,0.006,3,180,2.7,0.02,0.012,0.02,0.03,0.0001
200,Organic,Passive,132.6,24.6,0,Spherical,Xenograft Heterotopic,Pancreas,0.15,0.18,0.75,20,1.08,0.3,1.3,0.4,0.4,72,5,0.02,0.009,0.02,0.165,0.04
201,Organic,Passive,179,22.3,0,Spherical,Xenograft Heterotopic,Pancreas,0.15,0.18,0.75,20,1.65,0.44,2,1,0.4,72,8,0.02,0.009,0.02,0.255,0.05
202,Organic,Active,230.8,18.1,0,Spherical,Xenograft Heterotopic,Pancreas,0.15,0.18,0.75,20,2.56,0.69,3.06,1,0.4,72,8,0.02,0.009,0.02,0.4,0.022
203,Organic,Passive,132,34.2,0,Spherical,Allograft Heterotopic,Liver,0.15,0.18,4,25,0.76,0.6,0.89,0.002,0.09,40,5,0.02,0.0072,0.02,0.146,0.00315
204,Organic,Passive,193,25.7,0,Spherical,Allograft Heterotopic,Liver,0.1,0.12,5,23,0.25,0.12,0.29,0.001,0.074,54,5,0.02,0.0053,0.02,0.065,0.00072
205,Organic,Passive,8,1.3,0,Spherical,Xenograft Orthotopic,Ovary,1.75,2.1,20,30,10.01,10.77,12.6,5.00E-04,0.038,2,1,0.02,0.07,0.02,0.165,0.022
206,Organic,negtive,6.6,1.46,0,Spherical,Xenograft Orthotopic,Ovary,1.75,2.1,40,30,4.09,1.49,4.75,5.00E-04,0.01,48,1,0.02,0.07,0.02,0.165,0.052
207,Organic,positive,6,2.28,1,Spherical,Xenograft Orthotopic,Ovary,1.75,2.1,20,30,10,10.77,12.59,5.00E-04,0.038,2,1,0.02,0.07,0.02,0.165,0.052
208,Organic,Passive,5.85,19.77,1,Spherical,Allograft Heterotopic,Colon,0.1,0.12,1,26,0.26,0.08,0.27,0.085,0.1,48,0.6,0.02,0.0046,0.02,0.066,0.0027
209,Organic,Passive,16.92,6.51,0,Spherical,Allograft Heterotopic,Colon,0.1,0.12,1,26,1.3,0.56,1.71,0.09,0.242,0.5,1,0.02,0.0046,0.02,0.179,0.001
210,Organic,Passive,5,NA,NA,Spherical,Xenograft Heterotopic,Cervix,0.9,1.08,8.29,21,2.81,1.94,3.31,0.005,0.157,60,3,0.02,0.051,0.02,0.076,0.027
211,Organic,Active,5,NA,NA,Spherical,Xenograft Heterotopic,Cervix,0.9,1.08,9.52,21,6.37,7.96,9.33,0.0039,0.32,132,1,0.02,0.051,0.02,0.153,0.018
212,Organic,Passive,95,36,0,Rod,Xenograft Heterotopic,Brain,0.02,0.24,0.05,20,0.06,0.03,0.08,0.005,0.01,84,6,0.02,0.012,0.02,0.011,0.0000115
213,Organic,Passive,16.4,19.2,0,Spherical,Xenograft Orthotopic,Ovary,1.75,2.1,20,30,6.01,2.34,6.91,5.00E-04,0.012,48,1,0.02,0.07,0.02,0.12,0.049
214,Organic,Passive,163,4.34,0,Rod,Allograft Heterotopic,Breast,0.1,0.12,10,20,3.52,1.26,4.02,0.092,0.3,0.5,0.1,0.02,0.006,0.02,0.39,0.05
215,Organic,Passive,221,4.34,0,Rod,Allograft Heterotopic,Breast,0.1,0.12,10,20,2.81,0.91,3.14,0.143,0.22,1,1,0.02,0.006,0.02,0.34,0.03
216,Organic,Passive,324,4.34,0,Rod,Allograft Heterotopic,Breast,0.1,0.12,10,20,2.43,0.78,2.7,0.15,0.215,0.5,0.9,0.02,0.006,0.02,0.295,0.01
217,Organic,Passive,402,4.34,0,Rod,Allograft Heterotopic,Breast,0.1,0.12,10,20,2.16,0.71,2.45,0.15,0.24,1,0.9,0.02,0.006,0.02,0.26,0.006
218,Organic,Passive,85.8,71.3,1,Spherical,Xenograft Heterotopic,Lung,0.075,0.09,50,20,0.14,0.04,0.17,0.16,0.24,72,5,0.02,0.0045,0.02,0.044,0.00052
219,Organic,Passive,134.7,0.6,1,Spherical,Xenograft Heterotopic,Lung,0.075,0.09,50,20,0.39,0.12,0.44,0.185,0.23,1.5,5,0.02,0.0045,0.02,0.065,0.0007
220,Organic,Active,168.2,0.8,0,Spherical,Xenograft Heterotopic,Lung,0.075,0.09,50,20,0.41,0.06,0.47,0.187,0.23,1.5,5,0.02,0.0045,0.02,0.07,0.00045
221,Organic,Passive,387,46.6,0,Spherical,Allograft Heterotopic,Other,,1.08,3.64,27,0.05,0.02,0.05,0.275,0.4,30,1,0.02,0.0393,0.02,0.0013,0.000049
222,Organic,Passive,164.7,30.5,0,Spherical,Xenograft Orthotopic,Brain,0.1,0.12,10,20,0.43,0.2,0.63,0.1,0.35,12,1.2,0.02,0.006,0.02,0.057,0.00061
223,Organic,Active,175.3,27.2,0,Spherical,Xenograft Orthotopic,Brain,0.1,0.12,10,20,0.61,0.22,0.72,0.185,0.35,24,1.2,0.02,0.006,0.02,0.107,0.00103
224,Organic,Passive,171.7,32.8,0,Spherical,Xenograft Orthotopic,Brain,0.1,0.12,10,20,0.54,0.23,0.72,0.121,0.36,24,1.2,0.02,0.006,0.02,0.088,0.00102
225,Organic,Active,186.9,29.5,0,Spherical,Xenograft Orthotopic,Brain,0.1,0.12,10,20,0.89,0.31,1,0.2,0.33,24,1,0.02,0.006,0.02,0.155,0.0025
226,Organic,Passive,134,NA,NA,Spherical,Allograft Heterotopic,Breast,0.1,0.12,5,19,0.03,0.01,0.03,1,0.1,72,5,0.02,0.0063,0.02,0.0065,0.000046
227,Organic,Active,158.2,18.1,0,Spherical,Allograft Orthotopic,Skin,0.1,0.12,10,23,1.33,0.35,1.57,6,1,0.5,5,0.02,0.0053,0.02,0.3,0.01
228,Organic,Active,147.6,20.5,0,Spherical,Allograft Orthotopic,Skin,0.1,0.12,10,23,2.03,0.54,2.39,4,3,0.01,5,0.02,0.0053,0.02,0.305,0.06
229,Organic,Passive,174,22.9,0,Spherical,Allograft Heterotopic,Breast,0.05,0.06,20,20,0.03,0.01,0.04,10,2,0.01,5,0.02,0.003,0.02,0.013,0.0015
230,Organic,Passive,98,3.4,0,Spherical,Xenograft Orthotopic,Breast,0.06,0.072,0.36,20,0.17,0.05,0.2,2,1,0.01,5,0.02,0.0036,0.02,0.046,0.0003
231,Organic,Passive,94,3.4,0,Spherical,Xenograft Orthotopic,Breast,0.06,0.072,0.36,20,0.78,0.21,0.9,1,2,1,5,0.02,0.0036,0.02,0.106,0.003
232,Organic,Passive,104,3.4,0,Spherical,Xenograft Orthotopic,Breast,0.06,0.072,0.36,20,1.2,0.33,1.39,1,2.5,1,5,0.02,0.0036,0.02,0.142,0.005
233,Organic,Passive,96,3.4,0,Spherical,Xenograft Orthotopic,Breast,0.06,0.072,0.36,20,2.65,0.72,3.03,0.95,4,0.01,5,0.02,0.0036,0.02,0.205,0.03
234,Organic,Passive,103,3.4,0,Spherical,Xenograft Orthotopic,Breast,0.06,0.072,0.36,20,7.3,2.06,8.27,0.75,6,0.01,5,0.02,0.0036,0.02,0.35,0.05
235,Organic,Active,185.9,24.7,0,Spherical,Allograft Heterotopic,Lung,0.06,0.072,13,20,0.16,0.04,0.19,0.5,0.005,24,0.1,0.02,0.0036,0.02,0.069,0.00033
236,Organic,Passive,176.6,23.1,0,Spherical,Allograft Heterotopic,Lung,0.06,0.072,13,20,0.07,0.02,0.09,0.4,0.005,4,1,0.02,0.0036,0.02,0.028,0.00014
237,Organic,Passive,108,2.3,0,Spherical,Allograft Heterotopic,Colon,0.1,0.12,3,20,1.22,0.65,2.15,0.095,0.7,6,5,0.02,0.006,0.02,0.08,0.0025
238,Organic,Passive,49.9,0.09,1,Spherical,Allograft Heterotopic,Colon,0.1,0.12,16,20,0.4,0.11,0.45,0.6,0.04,5,5,0.02,0.006,0.02,0.095,0.00032
239,Organic,Passive,NA,20,0,Spherical,Allograft Orthotopic,Breast,0.4,0.48,5,20,0.95,0.3,1.02,0.55,0.365,14,1.5,0.02,0.024,0.02,0.0465,0.00125
240,Organic,Active,NA,17,0,Spherical,Allograft Orthotopic,Breast,0.4,0.48,5,20,1.46,0.47,1.59,0.45,0.36,14,1.2,0.02,0.024,0.02,0.07,0.00143
241,Organic,Passive,157.7,17.4,0,Spherical,Allograft Orthotopic,Other,0.1,0.12,8,20,0.02,0.01,0.03,0.1,0.001,1,0.05,0.02,0.006,0.02,0.0047,0.009
242,Organic,Passive,NA,NA,NA,Spherical,Allograft Orthotopic,Breast,0.1,0.12,20,20,0.47,0.28,0.59,0.023,0.06,24,0.5,0.02,0.006,0.02,0.111,0.000183
243,Organic,Passive,230.4,NA,NA,Rod,Xenograft Heterotopic,Breast,0.1,0.12,5,23,6.58,2.39,7.73,0.103,0.22,1,1.7,0.02,0.0053,0.02,0.815,0.05
244,Organic,Passive,230.1,10,0,Rod,Xenograft Heterotopic,Breast,0.1,0.12,5,23,6.67,2.39,7.72,0.102,0.196,1,2.5,0.02,0.0053,0.02,0.865,0.05
245,Organic,Passive,241,0,2,Rod,Xenograft Heterotopic,Breast,0.1,0.12,5,23,6.04,2.21,7.22,0.107,0.205,2.3,2,0.02,0.0053,0.02,0.83,0.05
246,Organic,Active,242.3,3.8,1,Rod,Xenograft Heterotopic,Breast,0.1,0.12,5,23,14.53,6.2,18.48,0.093,0.22,4,2,0.02,0.0053,0.02,2.27,0.05
247,Organic,Active,240.3,10,0,Rod,Xenograft Heterotopic,Breast,0.1,0.12,5,23,14.59,6.34,18.76,0.092,0.22,4.6,1.9,0.02,0.0053,0.02,2.35,0.05
248,Organic,Active,206.4,20,0,Spherical,Xenograft Heterotopic,Colon,0.3,0.36,7,20,0.71,0.27,0.87,0.1,0.065,20,0.3,0.02,0.018,0.02,0.06,0.00025
249,Organic,Active,7.7,NA,NA,Spherical,Xenograft Heterotopic,Breast,0.05,0.06,1,25,6.05,1.92,7.13,0.435,3.5,1,2,0.02,0.0024,0.03,0.5,0.008
250,Organic,Active,7.7,NA,NA,Spherical,Xenograft Heterotopic,Breast,0.05,0.06,1,25,8.78,3.52,10.91,0.105,1.1,28,0.1,0.02,0.0024,0.03,1.35,0.03
251,Organic,Active,7.7,NA,NA,Spherical,Xenograft Heterotopic,Breast,0.05,0.06,1,25,11.04,4.66,13.83,0.088,0.85,28,0.1,0.02,0.0024,0.03,1.95,0.05
252,Organic,Passive,49.5,1.3,0,Spherical,Allograft Heterotopic,Colon,0.1,0.12,3,20,0.92,0.29,1,0.1,0.05,6,0.3,0.01,0.006,0.02,0.2,0.0013
253,Organic,Passive,115,20,0,Spherical,Allograft Heterotopic,Liver,0.02,0.024,6,34,0.01,0.003,0.02,0.5,0.005,48,0.1,0.01,0.0007,0.02,0.026,0.00025
254,Organic,Passive,103.9,15,0,Spherical,Allograft Heterotopic,Colon,0.07,0.084,159.6,20,0.29,0.08,0.33,0.6,0.065,0.1,1,0.02,0.0042,0.02,0.092,0.00028
255,Organic,Passive,102.5,39.5,0,Spherical,Allograft Heterotopic,Colon,0.07,0.084,70.9,20,0.24,0.07,0.28,0.6,0.04,0.1,1,0.02,0.0042,0.02,0.079,0.00025
256,Organic,Passive,35,4,0,Spherical,Xenograft Heterotopic,Cervix,0.1,0.12,5,20,0.28,0.09,0.34,0.05,0.2,72,5,0.02,0.006,0.02,0.065,0.005
257,Organic,Passive,100,4,0,Spherical,Xenograft Heterotopic,Cervix,0.1,0.12,5,20,0.78,1.63,2.32,0.01,0.32,10,2,0.02,0.006,0.02,0.092,0.00059
258,Organic,Passive,110,4,0,Spherical,Xenograft Heterotopic,Cervix,0.1,0.12,5,20,1.06,0.45,1.37,0.08,0.26,0.5,2,0.02,0.006,0.02,0.094,0.00135
259,Organic,Passive,100,4,0,Spherical,Xenograft Heterotopic,Cervix,0.1,0.12,5,20,1.07,0.44,1.36,0.082,0.25,0.5,2,0.02,0.006,0.02,0.097,0.00141
260,Organic,Passive,150,4,0,Spherical,Xenograft Heterotopic,Cervix,0.1,0.12,5,20,1.03,0.7,1.63,0.038,0.23,0.5,2,0.02,0.006,0.02,0.09,0.0007
261,Organic,Passive,107.8,NA,NA,Spherical,Allograft Heterotopic,Cervix,0.075,0.09,2,19,0.31,0.12,0.35,0.066,0.09,12,1,0.02,0.0047,0.02,0.075,0.00043
262,Hybrid,Passive,25,NA,NA,Other,Xenograft Heterotopic,Colon,0.25,0.3,0.0095,20,1.55,1.13,1.97,0.014,0.095,66,0.5,0.02,0.015,0.02,0.133,0.00085
263,Organic,Passive,115,31.8,0,Spherical,Allograft Heterotopic,Liver,0.1,0.12,8,20,0.08,0.03,0.08,0.1,0.1,36,0.9,0.02,0.006,0.03,0.0162,0.00012
264,Organic,Passive,113.3,10,1,Spherical,Allograft Orthotopic,Breast,0.175,0.21,10,19,0.24,0.06,0.28,3.5,0.25,24,2,0.02,0.011,0.02,0.03,0.00057
265,Organic,Active,NA,21.7,1,Spherical,Allograft Orthotopic,Breast,0.1,0.12,10,20,0.03,0.01,0.036,3.5,0.1,48,5,0.02,0.006,0.02,0.0067,0.0005
266,Organic,Passive,6.7,16.3,1,Spherical,Allograft Orthotopic,Other,0.1,0.12,1,20,4.09,3.79,5.47,0.008,0.139,84,0.4,0.02,0.006,0.02,0.69,0.025
267,Organic,Active,69.1,36.7,1,Spherical,Allograft Orthotopic,Other,0.1,0.12,1,20,15.02,14.37,18.75,0.005,0.115,84,0.4,0.02,0.006,0.02,2.998,0.12
268,Organic,Passive,180,34.4,1,Spherical,Allograft Heterotopic,Breast,0.275,0.33,9,20,0.24,0.06,0.28,3.5,0.24,24,0.1,0.02,0.0165,0.02,0.0193,0.00072
269,Organic,Passive,152,10.3,0,Spherical,Allograft Heterotopic,Liver,0.05,0.06,5,23,0.12,0.03,0.14,2.5,0.1,12,5,0.02,0.0027,0.02,0.062,0.00054
270,Organic,Active,157,8.8,0,Spherical,Allograft Heterotopic,Liver,0.05,0.06,5,23,0.23,0.06,0.26,2.5,0.13,12,2,0.02,0.0027,0.02,0.115,0.00078
271,Organic,Passive,135,NA,NA,Spherical,Allograft Orthotopic,Other,0.125,0.15,3,25,0.07,0.02,0.08,4,0.4,1,0.1,0.02,0.006,0.02,0.0145,0.002
272,Organic,Passive,154.6,NA,NA,Spherical,Allograft Orthotopic,Other,0.125,0.15,3,25,0.11,0.03,0.12,1.5,0.65,0.1,0.2,0.02,0.006,0.02,0.0192,0.0016
273,Organic,Passive,89,40,0,Spherical,Allograft Heterotopic,Breast,0.125,0.15,5,20,0.17,0.06,0.2,0.125,0.84,24,0.2,0.02,0.0075,0.03,0.0102,0.04
274,Organic,Passive,138,14,0,Spherical,Allograft Heterotopic,Breast,0.125,0.15,5,20,0.3,0.12,0.39,0.1,1.6,0.5,0.01,0.02,0.0075,0.03,0.0094,0.0007
275,Organic,Passive,128,5,1,Spherical,Allograft Heterotopic,Breast,0.125,0.15,5,20,0.42,0.18,0.59,0.1,1.65,1,0.5,0.02,0.0075,0.03,0.0092,0.005
276,Organic,Passive,20.4,3.91,1,Spherical,Allograft Heterotopic,Liver,0.15,0.18,5,23,0.01,0.003,0.01,0.3,0.62,48,5,0.02,0.0077,0.02,0.00193,0.000025
277,Organic,Passive,110,5.1,0,Spherical,Xenograft Heterotopic,Liver,0.25,0.3,2,25,0.16,0.07,0.22,0.106,1.6,12,0.4,0.02,0.012,0.03,0.00335,0.001
278,Organic,Active,111.3,6.2,0,Spherical,Xenograft Heterotopic,Liver,0.25,0.3,2,25,0.22,0.11,0.34,0.101,2.2,8,0.4,0.02,0.012,0.03,0.0036,0.0002
279,Organic,Passive,105.3,4.8,0,Spherical,Allograft Heterotopic,Colon,0.1,0.12,3,23,0.4,0.18,0.55,0.07,0.42,0.5,0.5,0.02,0.0053,0.02,0.03,0.01
280,Organic,Passive,143,0,2,Spherical,Xenograft Heterotopic,Liver,0.1,0.12,10,20,0.31,0.08,0.36,3.5,0.5,12,0.5,0.02,0.006,0.02,0.068,0.00084
281,Organic,Passive,145,0,2,Spherical,Xenograft Heterotopic,Liver,0.1,0.12,10,20,0.31,0.08,0.36,3.5,0.5,12,0.5,0.02,0.006,0.02,0.0678,0.00091
282,Organic,Active,148,0,2,Spherical,Xenograft Heterotopic,Liver,0.1,0.12,10,20,0.43,0.12,0.47,3,0.7,16,1,0.02,0.006,0.02,0.0925,0.00085
283,Organic,Active,100.5,23.1,0,Spherical,Xenograft Heterotopic,Liver,0.1,0.12,5,27,0.04,0.02,0.05,0.02,0.1,40,5,0.02,0.0044,0.02,0.013,0.000085
284,Organic,Active,100.5,23.1,0,Spherical,Xenograft Heterotopic,Liver,0.1,0.12,5,27,0.05,0.04,0.05,0.005,0.102,42,4.5,0.02,0.0044,0.02,0.015,0.00007
285,Organic,Passive,227,30.3,1,Spherical,Allograft Heterotopic,Colon,NA,0.6,2.5,20,7.77,2.21,8.62,0.4,0.1,1.00E-05,0.05,0.02,0.03,0.03,0.35,0.012
286,Organic,Active,148,18.4,1,Spherical,Allograft Heterotopic,Colon,NA,0.6,2.5,20,50.03,23.83,56.89,0.4,2.3,1.00E-05,1,0.02,0.03,0.03,1,0.031
287,Organic,Passive,106.8,35.6,1,Spherical,Xenograft Heterotopic,Lung,0.2,0.24,3,20,0.2,0.11,0.28,0.058,0.1,60,0.5,0.02,0.012,0.02,0.028,0.000055
288,Organic,Active,227.3,28.3,1,Spherical,Xenograft Heterotopic,Lung,0.2,0.24,3,20,0.22,0.15,0.34,0.048,0.15,76,0.5,0.02,0.012,0.02,0.0305,0.000057
289,Organic,Passive,106.8,35.6,1,Spherical,Xenograft Heterotopic,Lung,0.2,0.24,3,20,0.16,0.12,0.28,0.3,0.2,60,0.1,0.02,0.012,0.02,0.04,0.000025
290,Organic,Active,227.3,28.3,1,Spherical,Xenograft Heterotopic,Lung,0.2,0.24,3,20,0.3,0.23,0.55,3,0.1,24,0.1,0.02,0.012,0.02,0.101,0.000046
291,Organic,Passive,96.6,0,2,Spherical,Allograft Heterotopic,Breast,0.5,0.6,10,17,0.92,0.24,1.11,1.2,0.6,72,10,0.02,0.0353,0.02,0.036,0.008
292,Organic,Passive,125.5,7.4,0,Spherical,Allograft Heterotopic,Liver,0.05,0.06,5,20,0.2,0.33,0.37,0.001,0.11,0.5,0.5,0.02,0.003,0.02,0.0444,0.002
293,Organic,Active,130.4,2.3,0,Spherical,Allograft Heterotopic,Liver,0.05,0.06,5,20,0.31,0.12,0.37,0.062,0.107,1.5,2,0.02,0.003,0.02,0.0835,0.0015
294,Organic,Active,NA,NA,NA,Spherical,Xenograft Heterotopic,Prostate,0.1,0.12,8,20,0.23,0.06,0.26,1.44,0.9,0.1,0.1,0.02,0.006,0.03,0.039,0.005
295,Organic,Passive,182.6,22.6,0,Spherical,Allograft Heterotopic,Liver,1.5,1.8,10,21,6.26,1.69,7.32,6,1,0.1,0.1,0.02,0.086,0.02,0.095,0.06
296,Organic,Passive,152,0,2,Spherical,Allograft Heterotopic,Liver,0.05,0.06,2,20,0.69,0.3,0.95,0.075,0.4,1,0.4,0.02,0.003,0.02,0.09,0.004
297,Organic,Active,163,0,2,Spherical,Allograft Heterotopic,Liver,0.05,0.06,2,20,0.58,0.25,0.77,0.087,0.65,1,0.6,0.02,0.003,0.02,0.0745,0.004
298,Organic,Active,152,0,2,Spherical,Allograft Heterotopic,Liver,0.05,0.06,2,20,1.15,0.54,1.58,0.069,0.35,12,0.5,0.02,0.003,0.02,0.255,0.004
299,Organic,Passive,93,32.2,0,Spherical,Xenograft Heterotopic,Prostate,0.25,0.3,2,20,0.14,0.06,0.19,0.095,0.405,0.5,1.5,0.02,0.015,0.02,0.0041,0.0001
300,Organic,Active,102,12.2,0,Spherical,Xenograft Heterotopic,Prostate,0.25,0.3,2,20,0.36,0.16,0.49,0.099,0.405,0.5,1.5,0.02,0.015,0.02,0.011,0.00025
301,Organic,Active,180.2,20.3,0,Spherical,Allograft Heterotopic,Liver,0.1,0.12,5,29,0.07,0.02,0.08,6,0.4,0.01,5,0.02,0.004,0.02,0.022,0.00065
302,Organic,Active,130.5,8.2,0,Spherical,Allograft Heterotopic,Liver,0.1,0.12,5,29,0.08,0.02,0.1,5,0.4,0.01,5,0.02,0.004,0.02,0.0265,0.00065
303,Organic,Passive,54.4,22.3,0,Spherical,Allograft Heterotopic,Liver,0.1,0.12,10,22,1.21,0.32,1.46,6,0.1,0.01,0.1,0.02,0.0055,0.02,0.3,0.05
304,Organic,Active,12.4,27.2,1,Spherical,Xenograft Heterotopic,Cervix,1,1.2,4,21,3.67,1.14,4.23,4,0.05,0.1,0.1,0.02,0.0571,0.02,0.105,0.0017
305,Organic,Active,134.7,35.1,0,Spherical,Allograft Orthotopic,Other,0.3,0.36,15,20,2.86,0.77,3.43,2,0.4,48,5,0.03,0.018,0.02,0.22,0.1
306,Organic,Active,142.2,31,0,Spherical,Allograft Orthotopic,Other,0.3,0.36,15,20,3.75,0.1,4.42,8,1.5,0.01,5,0.03,0.018,0.02,0.25,0.014
307,Hybrid,Passive,122.5,30.1,0,Spherical,Allograft Heterotopic,Liver,0.1,0.12,5,23,0.04,0.01,0.04,0.167,0.1,36,0.5,0.02,0.0053,0.02,0.0088,0.0003
308,Hybrid,Active,218.6,30.1,0,Spherical,Allograft Heterotopic,Liver,0.1,0.12,5,23,0.05,0.02,0.06,0.167,0.107,36,0.5,0.02,0.0053,0.02,0.012,0.0003
309,Organic,Passive,8.6,NA,NA,Spherical,Allograft Heterotopic,Other,0.15,0.18,85,20,0.47,0.54,0.64,0.0025,0.185,128,1,0.02,0.009,0.02,0.08,0.000178
310,Organic,Passive,25.6,NA,NA,Spherical,Allograft Heterotopic,Other,0.15,0.18,22.5,20,1.42,1.78,1.95,0.002,0.25,100,1.5,0.02,0.009,0.02,0.265,0.00047
311,Organic,Active,NA,22.1,0,Spherical,Xenograft Heterotopic,Breast,0.075,0.09,5,20,0.17,0.06,0.18,0.105,0.08,20,1,0.02,0.0045,0.02,0.0495,0.000125
312,Organic,Passive,143,NA,NA,Spherical,Allograft Heterotopic,Liver,0.05,0.06,5,20,0.21,0.06,0.23,0.42,0.105,4,0.1,0.02,0.003,0.02,0.086,0.00067
313,Organic,Active,149,NA,NA,Spherical,Allograft Heterotopic,Liver,0.05,0.06,5,20,0.3,0.08,0.31,0.225,0.095,4,0.5,0.02,0.003,0.02,0.1155,0.00102
314,Organic,Active,161.1,31.1,0,Spherical,Xenograft Heterotopic,Lung,0.15,0.18,30,20,0.11,0.04,0.12,0.03,0.02,1,0.9,0.02,0.009,0.02,0.0152,0.000165
315,Organic,Passive,166.1,36.7,0,Spherical,Allograft Orthotopic,Skin,0.1,0.12,5,19,0.15,0.06,0.18,0.087,0.132,0.05,5,0.02,0.0063,0.02,0.0186,0.00021
316,Organic,Passive,133.5,27.1,0,Spherical,Allograft Heterotopic,Breast,0.1,0.12,8,20,0.05,0.01,0.06,0.3,0.01,2,0.1,0.02,0.006,0.02,0.012,0.00012
317,Organic,Passive,NA,6,0,Plate,Allograft Orthotopic,Other,0.02,0.024,5,19,0.13,0.03,0.14,0.55,0.74,0.01,1,0.02,0.0013,0.02,0.06,0.025
318,Organic,Active,NA,6,0,Plate,Allograft Orthotopic,Other,0.02,0.024,5,19,0.18,0.05,0.2,0.375,0.8,0.01,1,0.02,0.0013,0.02,0.065,0.0012
319,Organic,Passive,76.3,13,0,Spherical,Xenograft Heterotopic,Colon,0.085,0.102,3,20,0.49,0.19,0.53,0.022,0.08,168,0.8,0.02,0.0051,0.02,0.128,0.0007
320,Organic,Passive,150,0,2,Spherical,Allograft Orthotopic,Skin,0.125,0.15,10,20,0.4,0.11,0.45,0.435,0.988,0.01,5,0.02,0.0075,0.02,0.024,0.01
321,Organic,Active,153,0,2,Spherical,Allograft Orthotopic,Skin,0.125,0.15,10,20,0.73,0.2,0.82,0.48,1.1,0.005,5,0.02,0.0075,0.02,0.043,0.05
322,Organic,Passive,146,22.7,0,Spherical,Allograft Orthotopic,Breast,0.175,0.21,9.2,21,0.18,0.05,0.22,10,1,0.01,0.1,0.02,0.01,0.02,0.024,0.1
323,Organic,Passive,166.4,12.3,1,Spherical,Allograft Heterotopic,Liver,0.1,0.12,10,23.5,0.15,0.04,0.16,0.5,2.3,0.5,0.1,0.02,0.0051,0.02,0.00105,0.0005
324,Organic,Active,175.1,8.7,1,Spherical,Allograft Heterotopic,Liver,0.1,0.12,10,23.5,0.22,0.06,0.25,0.75,2.3,0.5,0.5,0.02,0.0051,0.02,0.0185,0.00043
325,Organic,Passive,204.7,26.9,0,Spherical,Allograft Heterotopic,Liver,0.2,0.24,4,20,0.45,0.12,0.52,1.8,3.7,0.1,3,0.02,0.012,0.02,0.017,0.003
326,Organic,Active,220.3,38,0,Spherical,Allograft Heterotopic,Liver,0.2,0.24,4,20,0.55,0.15,0.61,1.1,3.8,3,0.1,0.02,0.012,0.02,0.023,0.003
327,Organic,Passive,186.3,19,0,Spherical,Allograft Heterotopic,Liver,0.1,0.12,8,27,0.008,0.003,0.008,0.069,0.056,0.05,0.5,0.02,0.0044,0.02,0.00174,0.0001
328,Hybrid,Passive,56.2,0,2,Plate,Xenograft Heterotopic,Breast,0.1,0.12,5,20,0.4,0.26,0.45,0.001,0.0165,0.5,0.25,0.02,0.006,0.02,0.095,0.000195
329,Organic,Passive,20.3,2,0,Spherical,Allograft Heterotopic,Breast,0.15,0.18,180,19,0.62,0.78,0.86,5.00E-04,0.115,48,1,0.02,0.0095,0.02,0.083,0.0005
330,Organic,Active,197.4,20.4,0,Spherical,Allograft Heterotopic,Liver,0.3,0.36,6,20,2.81,1.18,3.22,0.42,2,56,5.5,0.02,0.018,0.02,0.227,0.004
331,Organic,Active,276.8,23.5,0,Spherical,Allograft Heterotopic,Liver,0.3,0.36,6,20,2.31,1.04,2.63,0.66,3,54,5.3,0.02,0.018,0.02,0.19,0.0022
332,Organic,Active,350,274.2,0,Spherical,Allograft Heterotopic,Liver,0.3,0.36,6,20,1.01,0.42,1.16,0.62,3,56,5.2,0.02,0.018,0.02,0.08,0.0015
333,Organic,Passive,258.3,23.7,0,Spherical,Allograft Heterotopic,Liver,0.3,0.36,6,20,2.76,1.26,3.13,0.6,3,60,5,0.02,0.018,0.02,0.235,0.0019
334,Organic,Passive,156.6,23.7,0,Spherical,Allograft Heterotopic,Liver,0.3,0.36,6,20,4.08,2.04,4.64,0.55,3,60,5,0.02,0.018,0.02,0.36,0.0024
335,Organic,Active,88.7,15.6,0,Spherical,Xenograft Heterotopic,Breast,0.2,0.24,50,25,1.18,1.23,1.46,5.00E-04,0.038,1,1,0.02,0.0096,0.02,0.155,0.004
336,Organic,Passive,115.7,36.4,0,Spherical,Xenograft Heterotopic,Other,0.05,0.06,20,20,0.26,0.1,0.31,0.1,0.44,50,4.8,0.02,0.003,0.02,0.114,0.04
337,Organic,Passive,165.3,25.1,1,Spherical,Xenograft Heterotopic,Lung,0.3,0.36,15,25,10.72,3,12.14,1.21,3.61,0.001,5,0.02,0.0144,0.02,0.29,0.3
338,Organic,Active,184.3,21.1,1,Spherical,Xenograft Heterotopic,Lung,0.3,0.36,15,25,23.83,7.47,26.47,1.21,3.61,0.001,5,0.02,0.0144,0.02,0.8,0.038
339,Organic,Passive,112.6,39.7,0,Spherical,Xenograft Heterotopic,Other,0.1,0.12,5,20,4.82,1.66,5.26,0.08,0.16,24,0.1,0.02,0.006,0.02,0.688,0.08
340,Organic,Passive,122.6,15,0,Spherical,Allograft Heterotopic,Breast,0.1,0.12,5,20,1.36,0.45,1.62,2.5,3.5,0.01,0.8,0.02,0.006,0.02,0.165,0.0005
341,Organic,Passive,57.3,34.5,1,Spherical,Xenograft Heterotopic,Ovary,0.2,0.24,10,20,0.19,0.05,0.22,3,3.5,0.01,0.5,0.02,0.012,0.02,0.0105,0.0005
342,Organic,Active,80.3,36.9,0,Spherical,Xenograft Heterotopic,Ovary,0.2,0.24,10,20,0.29,0.08,0.33,3.25,3.5,0.01,0.5,0.02,0.012,0.02,0.0165,0.001
343,Organic,Passive,107.3,23.3,1,Spherical,Allograft Heterotopic,Liver,0.2,0.24,2,22,0.89,0.24,1.02,1.2,1,0.01,5,0.02,0.0109,0.02,0.064,0.0018
344,Organic,Active,190,26.1,1,Spherical,Allograft Heterotopic,Liver,0.2,0.24,2,22,0.65,0.17,0.75,2,1,0.01,5,0.02,0.0109,0.02,0.056,0.0016
345,Organic,Passive,168.6,24.2,1,Rod,Allograft Heterotopic,Liver,0.4,0.48,5,20,0.83,0.22,0.99,2.5,0.2,0.001,0.1,0.02,0.024,0.02,0.045,0.1
346,Organic,Passive,18.6,1.8,0,Spherical,Xenograft Heterotopic,Liver,0.1,0.12,5,20,1.01,0.35,1.14,0.07,0.027,0.01,0.5,0.02,0.006,0.02,0.225,0.00053
347,Organic,Passive,137,15.6,0,Spherical,Allograft Heterotopic,Liver,0.2,0.24,10,20,0.29,0.08,0.34,3.4,1,0.01,0.1,0.02,0.012,0.02,0.0275,0.0035
348,Organic,Passive,129,9.1,0,Spherical,Allograft Heterotopic,Liver,0.2,0.24,10,20,0.23,0.06,0.27,4,0.99,0.01,0.1,0.02,0.012,0.02,0.0226,0.008
349,Organic,Active,121,2.4,0,Spherical,Xenograft Orthotopic,Breast,0.15,0.18,5,24,0.17,0.04,0.2,5,0.6,24,5,0.02,0.0075,0.02,0.031,0.0007
350,Organic,Passive,54,0,2,Spherical,Xenograft Heterotopic,Lung,0.1,0.12,5,19,0.22,0.06,0.25,3.2,1.1,2,0.1,0.02,0.0063,0.02,0.044,0.000135
351,Organic,Passive,113.2,53.2,0,Spherical,Xenograft Heterotopic,Breast,0.1,0.12,15,19,0.11,0.03,0.13,6,1.1,0.1,5,0.02,0.0063,0.02,0.0205,0.0045
352,Organic,Passive,226.6,52.4,0,Spherical,Xenograft Heterotopic,Breast,0.1,0.12,15,19,0.08,0.02,0.09,7,1.25,0.01,5,0.02,0.0063,0.02,0.014,0.0022
353,Organic,Passive,383.1,53.9,0,Spherical,Xenograft Heterotopic,Breast,0.1,0.12,15,19,0.06,0.02,0.07,7,1.3,0.01,5,0.02,0.0063,0.02,0.011,0.0008
354,Organic,Passive,96,0,2,Spherical,Xenograft Heterotopic,Prostate,0.08,0.096,20,20,3.84,2.6,4.42,0.023,0.8,96,2.9,0.02,0.0048,0.02,1.14,0.011
355,Organic,Passive,20,5,1,Spherical,Xenograft Heterotopic,Cervix,0.1,0.12,2.5,20,1.71,0.48,1.83,0.31,0.4,12,0.1,0.02,0.006,0.02,0.255,0.05
356,Organic,Active,20,5,1,Spherical,Xenograft Heterotopic,Cervix,0.1,0.12,2.5,20,3.35,0.96,3.73,0.36,0.85,0.1,1.2,0.02,0.006,0.02,0.257,0.05
357,Organic,Passive,120,18,0,Spherical,Allograft Heterotopic,Colon,0.32,0.384,5,22,0.18,0.05,0.26,6,0.1,48,5,0.02,0.0175,0.02,0.014,0.008
358,Organic,Passive,282.1,9.7,0,Spherical,Allograft Orthotopic,Other,0.09,0.108,15,19,0.13,0.03,0.15,8,2,0.01,5,0.02,0.0057,0.02,0.0245,0.00035
359,Organic,Active,79.1,40,0,Spherical,Allograft Heterotopic,Liver,0.1,0.12,4.5,23,0.61,0.32,0.72,0.02,0.8,96,4,0.02,0.0053,0.02,0.16,0.0022
360,Organic,Active,66.3,40,0,Spherical,Allograft Heterotopic,Liver,0.1,0.12,4.5,23,0.32,0.14,0.39,0.025,0.8,96,4.6,0.02,0.0053,0.02,0.083,0.005
361,Organic,Passive,163.4,19.6,0,Spherical,Xenograft Heterotopic,Cervix,0.1,0.12,1,20,13.74,13.57,21.12,0.0055,0.19,12,0.05,0.02,0.006,0.02,0.8,0.009
362,Organic,Passive,118.5,13.7,0,Spherical,Xenograft Heterotopic,Cervix,0.1,0.12,1,20,11.03,15.38,19.37,0.005,0.128,12,0.05,0.02,0.006,0.02,0.9,0.0031
363,Organic,Passive,161,30.9,0,Spherical,Allograft Heterotopic,Liver,0.05,0.06,6,20,0.32,0.14,0.39,0.058,0.29,96,0.1,0.02,0.003,0.02,0.073,0.01
364,Organic,Active,69.9,2.1,0,Spherical,Allograft Heterotopic,Breast,0.62,0.744,46.875,16,9.01,3.5,10.15,0.06,0.06,0.01,0.1,0.02,0.0465,0.02,0.253,0.0056
365,Organic,Passive,102.8,0,2,Spherical,Xenograft Heterotopic,Breast,0.4,0.48,30,22,1.41,1.63,2.04,0.002,0.07,12,0.05,0.02,0.0218,0.02,0.084,0.00053
366,Organic,Passive,102.8,0,2,Spherical,Xenograft Heterotopic,Breast,0.4,0.48,70,22,1.27,1.98,2.31,0.002,0.07,12,1,0.02,0.0218,0.02,0.101,0.00031
367,Organic,Passive,102.8,0,2,Spherical,Xenograft Heterotopic,Breast,0.4,0.48,140,22,1.27,1.98,2.31,0.002,0.07,12,1,0.02,0.0218,0.02,0.101,0.00031
368,Organic,Passive,108,0,2,Spherical,Xenograft Heterotopic,Breast,0.57,0.684,30,22,1.63,2.36,2.9,0.004,0.084,1,5,0.02,0.0311,0.02,0.045,0.0009
369,Organic,Passive,108,0,2,Spherical,Xenograft Heterotopic,Breast,0.57,0.684,70,22,2.08,3.16,3.86,0.004,0.089,1,5,0.02,0.0311,0.02,0.06,0.0009
370,Organic,Passive,108,0,2,Spherical,Xenograft Heterotopic,Breast,0.57,0.684,140,22,1.79,2.78,3.37,0.004,0.097,8,1,0.02,0.0311,0.02,0.07,0.00066
371,Organic,Passive,118,0,2,Spherical,Xenograft Heterotopic,Breast,0.43,0.516,30,22,1.32,0.56,1.82,0.132,0.21,6,5,0.02,0.0235,0.02,0.052,0.0008
372,Organic,Passive,118,0,2,Spherical,Xenograft Heterotopic,Breast,0.43,0.516,70,22,0.89,1.08,1.52,0.008,0.098,1,1,0.02,0.0235,0.02,0.0293,0.001
373,Organic,Passive,118,0,2,Spherical,Xenograft Heterotopic,Breast,0.43,0.516,140,22,1.25,1.71,1.96,0.002,0.083,20,2,0.02,0.0235,0.02,0.071,0.00082
374,Organic,Passive,92,0,2,Spherical,Xenograft Heterotopic,Breast,0.53,0.636,30,22,1.75,0.76,2.22,0.064,0.04,1,3,0.02,0.0289,0.02,0.086,0.0006
375,Organic,Passive,92,0,2,Spherical,Xenograft Heterotopic,Breast,0.53,0.636,70,22,1.79,2.63,3.25,0.004,0.067,8,3.5,0.02,0.0289,0.02,0.083,0.00067
376,Organic,Passive,92,0,2,Spherical,Xenograft Heterotopic,Breast,0.53,0.636,140,22,1.68,3.07,3.43,0.001,0.102,4,1,0.02,0.0289,0.02,0.059,0.00075
377,Organic,Passive,122.5,13.2,0,Spherical,Xenograft Heterotopic,Lung,0.3,0.36,10,18,0.97,0.29,1.07,0.25,0.26,96,0.1,0.02,0.02,0.02,0.052,0.0009
378,Organic,Passive,190.5,10.1,0,Rod,Allograft Orthotopic,Skin,0.1,0.12,30,23,0.11,0.03,0.13,12,3,0.01,5,0.02,0.0052,0.02,0.023,0.004
